Run,Assay Type,AssemblyName,AvgSpotLen,Bases,BioProject,BioSample,Bytes,Center Name,Consent,DATASTORE filetype,DATASTORE provider,DATASTORE region,Experiment,GEO_Accession (exp),Instrument,LibraryLayout,LibrarySelection,LibrarySource,Organism,Platform,ReleaseDate,replicate,create_date,version,Sample Name,source_name,SRA Study,stage,cell_type,tissue,chip-seq_antibody
SRR3618755,RNA-Seq,GCA_000001405.16,199,7090900521,PRJNA324109,SAMN05195189,3642719449,GEO,public,"bam,run.zq,sra","gs,ncbi,s3","gs.us-east1,ncbi.public,s3.us-east-1",SRX1814977,GSM2183952,Illumina HiSeq 2000,PAIRED,cDNA,TRANSCRIPTOMIC,Homo sapiens,ILLUMINA,2018-11-28T00:00:00Z,1,2016-06-01T16:05:00Z,1,GSM2183952,fibroblasts,SRP075977,day 90,hiPSCs-CMs,,
SRR3618756,RNA-Seq,GCA_000001405.16,199,3412439675,PRJNA324109,SAMN05195190,1816908271,GEO,public,"bam,run.zq,sra","gs,ncbi,s3","gs.us-east1,ncbi.public,s3.us-east-1",SRX1814978,GSM2183953,Illumina HiSeq 2000,PAIRED,cDNA,TRANSCRIPTOMIC,Homo sapiens,ILLUMINA,2018-11-28T00:00:00Z,2,2016-11-30T03:23:00Z,2,GSM2183953,fibroblasts,SRP075977,day 90,hiPSCs-CMs,,
SRR3618757,RNA-Seq,GCA_000001405.16,199,5336477273,PRJNA324109,SAMN05195191,2856998459,GEO,public,"bam,run.zq,sra","gs,ncbi,s3","gs.us-east1,ncbi.public,s3.us-east-1",SRX1814979,GSM2183954,Illumina HiSeq 2000,PAIRED,cDNA,TRANSCRIPTOMIC,Homo sapiens,ILLUMINA,2018-11-28T00:00:00Z,3,2016-06-01T16:06:00Z,1,GSM2183954,fibroblasts,SRP075977,day 90,hiPSCs-CMs,,
SRR3618758,RNA-Seq,GCA_000001405.16,200,7450201084,PRJNA324109,SAMN05195192,3035787704,GEO,public,"bam,run.zq,sra","gs,ncbi,s3","gs.us-east1,ncbi.public,s3.us-east-1",SRX1814980,GSM2183955,Illumina HiSeq 2000,PAIRED,cDNA,TRANSCRIPTOMIC,Homo sapiens,ILLUMINA,2018-11-28T00:00:00Z,1,2016-06-07T13:58:00Z,1,GSM2183955,fibroblasts,SRP075977,hiPSCs (day 0),hiPSCs,,
SRR3618759,RNA-Seq,GCA_000001405.16,201,2221211595,PRJNA324109,SAMN05195193,885221761,GEO,public,"bam,run.zq,sra","gs,ncbi,s3","gs.us-east1,ncbi.public,s3.us-east-1",SRX1814981,GSM2183956,Illumina HiSeq 2000,PAIRED,cDNA,TRANSCRIPTOMIC,Homo sapiens,ILLUMINA,2018-11-28T00:00:00Z,1,2016-06-01T15:59:00Z,1,GSM2183956,fibroblasts,SRP075977,day 1,hiPSCs,,
SRR3618760,RNA-Seq,GCA_000001405.16,200,6370702146,PRJNA324109,SAMN05195194,2605372436,GEO,public,"bam,run.zq,sra","gs,ncbi,s3","gs.us-east1,ncbi.public,s3.us-east-1",SRX1814982,GSM2183957,Illumina HiSeq 2000,PAIRED,cDNA,TRANSCRIPTOMIC,Homo sapiens,ILLUMINA,2018-11-28T00:00:00Z,1,2016-06-01T16:06:00Z,1,GSM2183957,fibroblasts,SRP075977,day 2,hiPSCs,,
SRR3618761,RNA-Seq,GCA_000001405.16,200,443246462,PRJNA324109,SAMN05195195,181930455,GEO,public,"bam,run.zq,sra","gs,ncbi,s3","gs.us-east1,ncbi.public,s3.us-east-1",SRX1814983,GSM2183958,Illumina HiSeq 2000,PAIRED,cDNA,TRANSCRIPTOMIC,Homo sapiens,ILLUMINA,2018-11-28T00:00:00Z,1,2016-06-01T15:56:00Z,1,GSM2183958,fibroblasts,SRP075977,day 3,hiPSCs,,
SRR3618762,RNA-Seq,GCA_000001405.16,216,7441782834,PRJNA324109,SAMN05195196,4088861412,GEO,public,"bam,run.zq,sra","gs,ncbi,s3","gs.us-east1,ncbi.public,s3.us-east-1",SRX1814984,GSM2183959,Illumina HiSeq 2000,PAIRED,cDNA,TRANSCRIPTOMIC,Homo sapiens,ILLUMINA,2018-11-28T00:00:00Z,1,2016-06-01T16:11:00Z,1,GSM2183959,fibroblasts,SRP075977,day 4,hiPSCs,,
SRR3618763,RNA-Seq,GCA_000001405.16,216,5920028437,PRJNA324109,SAMN05195197,3337507688,GEO,public,"bam,run.zq,sra","gs,ncbi,s3","gs.us-east1,ncbi.public,s3.us-east-1",SRX1814985,GSM2183960,Illumina HiSeq 2000,PAIRED,cDNA,TRANSCRIPTOMIC,Homo sapiens,ILLUMINA,2018-11-28T00:00:00Z,1,2016-06-01T16:06:00Z,1,GSM2183960,fibroblasts,SRP075977,day 5,hiPSCs,,
SRR3618764,RNA-Seq,GCA_000001405.16,217,7192596531,PRJNA324109,SAMN05195198,4010938394,GEO,public,"bam,run.zq,sra","gs,ncbi,s3","gs.us-east1,ncbi.public,s3.us-east-1",SRX1814986,GSM2183961,Illumina HiSeq 2000,PAIRED,cDNA,TRANSCRIPTOMIC,Homo sapiens,ILLUMINA,2018-11-28T00:00:00Z,1,2016-06-01T16:08:00Z,1,GSM2183961,fibroblasts,SRP075977,day 6,hiPSCs,,
SRR3618765,RNA-Seq,GCA_000001405.16,215,6145391069,PRJNA324109,SAMN05195199,3501592318,GEO,public,"bam,run.zq,sra","gs,ncbi,s3","gs.us-east1,ncbi.public,s3.us-east-1",SRX1814987,GSM2183962,Illumina HiSeq 2000,PAIRED,cDNA,TRANSCRIPTOMIC,Homo sapiens,ILLUMINA,2018-11-28T00:00:00Z,1,2016-06-01T16:09:00Z,1,GSM2183962,fibroblasts,SRP075977,day 7,hiPSCs,,
SRR3618766,RNA-Seq,GCA_000001405.16,199,5966591410,PRJNA324109,SAMN05195200,2905210338,GEO,public,"bam,run.zq,sra","gs,ncbi,s3","gs.us-east1,ncbi.public,s3.us-east-1",SRX1814988,GSM2183963,Illumina HiSeq 2000,PAIRED,cDNA,TRANSCRIPTOMIC,Homo sapiens,ILLUMINA,2018-11-28T00:00:00Z,1,2016-06-01T16:09:00Z,1,GSM2183963,fibroblasts,SRP075977,day 8,hiPSCs,,
SRR3618767,RNA-Seq,GCA_000001405.16,199,6607880706,PRJNA324109,SAMN05195201,3200487216,GEO,public,"bam,run.zq,sra","gs,ncbi,s3","gs.us-east1,ncbi.public,s3.us-east-1",SRX1814989,GSM2183964,Illumina HiSeq 2000,PAIRED,cDNA,TRANSCRIPTOMIC,Homo sapiens,ILLUMINA,2018-11-28T00:00:00Z,1,2016-06-01T16:20:00Z,1,GSM2183964,fibroblasts,SRP075977,day 9,hiPSCs-CMs,,
SRR3618768,RNA-Seq,GCA_000001405.16,199,5253668983,PRJNA324109,SAMN05195202,2546695197,GEO,public,"bam,run.zq,sra","gs,ncbi,s3","gs.us-east1,ncbi.public,s3.us-east-1",SRX1814990,GSM2183965,Illumina HiSeq 2000,PAIRED,cDNA,TRANSCRIPTOMIC,Homo sapiens,ILLUMINA,2018-11-28T00:00:00Z,1,2016-06-01T16:06:00Z,1,GSM2183965,fibroblasts,SRP075977,day 14,hiPSCs-CMs,,
SRR3618769,RNA-Seq,GCA_000001405.16,200,5921691556,PRJNA324109,SAMN05195203,2846733190,GEO,public,"bam,run.zq,sra","gs,ncbi,s3","gs.us-east1,ncbi.public,s3.us-east-1",SRX1814991,GSM2183966,Illumina HiSeq 2000,PAIRED,cDNA,TRANSCRIPTOMIC,Homo sapiens,ILLUMINA,2018-11-28T00:00:00Z,1,2016-06-01T16:04:00Z,1,GSM2183966,fibroblasts,SRP075977,day 30,hiPSCs-CMs,,
SRR3618770,RNA-Seq,GCA_000001405.16,199,7187450662,PRJNA324109,SAMN05195204,3490577886,GEO,public,"bam,run.zq,sra","gs,ncbi,s3","gs.us-east1,ncbi.public,s3.us-east-1",SRX1814992,GSM2183967,Illumina HiSeq 2000,PAIRED,cDNA,TRANSCRIPTOMIC,Homo sapiens,ILLUMINA,2018-11-28T00:00:00Z,2,2016-06-01T16:24:00Z,1,GSM2183967,fibroblasts,SRP075977,hiPSCs (day 0),hiPSCs,,
SRR3618771,RNA-Seq,GCA_000001405.16,199,6340398794,PRJNA324109,SAMN05195205,3106338616,GEO,public,"bam,run.zq,sra","gs,ncbi,s3","gs.us-east1,ncbi.public,s3.us-east-1",SRX1814993,GSM2183968,Illumina HiSeq 2000,PAIRED,cDNA,TRANSCRIPTOMIC,Homo sapiens,ILLUMINA,2018-11-28T00:00:00Z,2,2016-06-01T16:14:00Z,1,GSM2183968,fibroblasts,SRP075977,day 1,hiPSCs,,
SRR3618772,RNA-Seq,GCA_000001405.16,199,6585819482,PRJNA324109,SAMN05195206,3284531606,GEO,public,"bam,run.zq,sra","gs,ncbi,s3","gs.us-east1,ncbi.public,s3.us-east-1",SRX1814994,GSM2183969,Illumina HiSeq 2000,PAIRED,cDNA,TRANSCRIPTOMIC,Homo sapiens,ILLUMINA,2018-11-28T00:00:00Z,2,2016-06-01T16:08:00Z,1,GSM2183969,fibroblasts,SRP075977,day 2,hiPSCs,,
SRR3618773,RNA-Seq,GCA_000001405.16,199,4236575056,PRJNA324109,SAMN05195207,2083968330,GEO,public,"bam,run.zq,sra","gs,ncbi,s3","gs.us-east1,ncbi.public,s3.us-east-1",SRX1814995,GSM2183970,Illumina HiSeq 2000,PAIRED,cDNA,TRANSCRIPTOMIC,Homo sapiens,ILLUMINA,2018-11-28T00:00:00Z,2,2016-06-01T16:05:00Z,1,GSM2183970,fibroblasts,SRP075977,day 3,hiPSCs,,
SRR3618774,RNA-Seq,GCA_000001405.16,199,5730833848,PRJNA324109,SAMN05195208,2854254606,GEO,public,"bam,run.zq,sra","gs,ncbi,s3","gs.us-east1,ncbi.public,s3.us-east-1",SRX1814996,GSM2183971,Illumina HiSeq 2000,PAIRED,cDNA,TRANSCRIPTOMIC,Homo sapiens,ILLUMINA,2018-11-28T00:00:00Z,2,2016-06-01T16:10:00Z,1,GSM2183971,fibroblasts,SRP075977,day 4,hiPSCs,,
SRR3618775,RNA-Seq,GCA_000001405.16,199,7133533157,PRJNA324109,SAMN05195210,3539729475,GEO,public,"bam,run.zq,sra","gs,ncbi,s3","gs.us-east1,ncbi.public,s3.us-east-1",SRX1814997,GSM2183972,Illumina HiSeq 2000,PAIRED,cDNA,TRANSCRIPTOMIC,Homo sapiens,ILLUMINA,2018-11-28T00:00:00Z,2,2016-06-01T16:07:00Z,1,GSM2183972,fibroblasts,SRP075977,day 5,hiPSCs,,
SRR3618776,RNA-Seq,GCA_000001405.16,199,7646781227,PRJNA324109,SAMN05195211,3772484387,GEO,public,"bam,run.zq,sra","gs,ncbi,s3","gs.us-east1,ncbi.public,s3.us-east-1",SRX1814998,GSM2183973,Illumina HiSeq 2000,PAIRED,cDNA,TRANSCRIPTOMIC,Homo sapiens,ILLUMINA,2018-11-28T00:00:00Z,2,2016-06-01T16:07:00Z,1,GSM2183973,fibroblasts,SRP075977,day 6,hiPSCs,,
SRR3618777,RNA-Seq,GCA_000001405.16,199,7054316172,PRJNA324109,SAMN05195212,3513507649,GEO,public,"bam,run.zq,sra","gs,ncbi,s3","gs.us-east1,ncbi.public,s3.us-east-1",SRX1814999,GSM2183974,Illumina HiSeq 2000,PAIRED,cDNA,TRANSCRIPTOMIC,Homo sapiens,ILLUMINA,2018-11-28T00:00:00Z,2,2016-06-01T16:11:00Z,1,GSM2183974,fibroblasts,SRP075977,day 7,hiPSCs,,
SRR3618778,RNA-Seq,GCA_000001405.16,199,5842436097,PRJNA324109,SAMN05195213,2955444385,GEO,public,"bam,run.zq,sra","gs,ncbi,s3","gs.us-east1,ncbi.public,s3.us-east-1",SRX1815000,GSM2183975,Illumina HiSeq 2000,PAIRED,cDNA,TRANSCRIPTOMIC,Homo sapiens,ILLUMINA,2018-11-28T00:00:00Z,2,2016-06-01T16:07:00Z,1,GSM2183975,fibroblasts,SRP075977,day 8,hiPSCs,,
SRR3618779,RNA-Seq,GCA_000001405.16,199,6824152789,PRJNA324109,SAMN05195214,3490717393,GEO,public,"bam,run.zq,sra","gs,ncbi,s3","gs.us-east1,ncbi.public,s3.us-east-1",SRX1815001,GSM2183976,Illumina HiSeq 2000,PAIRED,cDNA,TRANSCRIPTOMIC,Homo sapiens,ILLUMINA,2018-11-28T00:00:00Z,2,2016-06-01T16:10:00Z,1,GSM2183976,fibroblasts,SRP075977,day 9,hiPSCs-CMs,,
SRR3618780,RNA-Seq,GCA_000001405.16,199,6109014187,PRJNA324109,SAMN05195215,3180158192,GEO,public,"bam,run.zq,sra","gs,ncbi,s3","gs.us-east1,ncbi.public,s3.us-east-1",SRX1815002,GSM2183977,Illumina HiSeq 2000,PAIRED,cDNA,TRANSCRIPTOMIC,Homo sapiens,ILLUMINA,2018-11-28T00:00:00Z,2,2016-06-01T16:08:00Z,1,GSM2183977,fibroblasts,SRP075977,day 14,hiPSCs-CMs,,
SRR3618781,RNA-Seq,GCA_000001405.16,199,7106239122,PRJNA324109,SAMN05195209,3584800730,GEO,public,"bam,run.zq,sra","gs,ncbi,s3","gs.us-east1,ncbi.public,s3.us-east-1",SRX1815003,GSM2183978,Illumina HiSeq 2000,PAIRED,cDNA,TRANSCRIPTOMIC,Homo sapiens,ILLUMINA,2018-11-28T00:00:00Z,2,2016-06-01T16:15:00Z,1,GSM2183978,fibroblasts,SRP075977,day 30,hiPSCs-CMs,,
SRR3618782,RNA-Seq,GCA_000001405.16,200,5228736682,PRJNA324109,SAMN05195216,2402508709,GEO,public,"bam,run.zq,sra","gs,ncbi,s3","gs.us-east1,ncbi.public,s3.us-east-1",SRX1815004,GSM2183979,Illumina HiSeq 2000,PAIRED,cDNA,TRANSCRIPTOMIC,Homo sapiens,ILLUMINA,2018-11-28T00:00:00Z,3,2016-06-01T16:06:00Z,1,GSM2183979,fibroblasts,SRP075977,hiPSCs (day 0),hiPSCs,,
SRR3618783,RNA-Seq,GCA_000001405.16,200,5656871942,PRJNA324109,SAMN05195217,2570741915,GEO,public,"bam,run.zq,sra","gs,ncbi,s3","gs.us-east1,ncbi.public,s3.us-east-1",SRX1815005,GSM2183980,Illumina HiSeq 2000,PAIRED,cDNA,TRANSCRIPTOMIC,Homo sapiens,ILLUMINA,2018-11-28T00:00:00Z,3,2016-06-01T16:07:00Z,1,GSM2183980,fibroblasts,SRP075977,day 1,hiPSCs,,
SRR3618784,RNA-Seq,GCA_000001405.16,200,6814652731,PRJNA324109,SAMN05195218,3137431745,GEO,public,"bam,run.zq,sra","gs,ncbi,s3","gs.us-east1,ncbi.public,s3.us-east-1",SRX1815006,GSM2183981,Illumina HiSeq 2000,PAIRED,cDNA,TRANSCRIPTOMIC,Homo sapiens,ILLUMINA,2018-11-28T00:00:00Z,3,2016-06-01T16:09:00Z,1,GSM2183981,fibroblasts,SRP075977,day 2,hiPSCs,,
SRR3618785,RNA-Seq,GCA_000001405.16,200,5627886548,PRJNA324109,SAMN05195219,2583629079,GEO,public,"bam,run.zq,sra","gs,ncbi,s3","gs.us-east1,ncbi.public,s3.us-east-1",SRX1815007,GSM2183982,Illumina HiSeq 2000,PAIRED,cDNA,TRANSCRIPTOMIC,Homo sapiens,ILLUMINA,2018-11-28T00:00:00Z,3,2016-06-01T16:07:00Z,1,GSM2183982,fibroblasts,SRP075977,day 3,hiPSCs,,
SRR3618786,RNA-Seq,GCA_000001405.16,200,4448366060,PRJNA324109,SAMN05195220,1996608815,GEO,public,"bam,run.zq,sra","gs,ncbi,s3","gs.us-east1,ncbi.public,s3.us-east-1",SRX1815008,GSM2183983,Illumina HiSeq 2000,PAIRED,cDNA,TRANSCRIPTOMIC,Homo sapiens,ILLUMINA,2018-11-28T00:00:00Z,3,2016-06-01T16:06:00Z,1,GSM2183983,fibroblasts,SRP075977,day 4,hiPSCs,,
SRR3618787,RNA-Seq,GCA_000001405.16,200,6768825479,PRJNA324109,SAMN05195221,3033442222,GEO,public,"bam,run.zq,sra","gs,ncbi,s3","gs.us-east1,ncbi.public,s3.us-east-1",SRX1815009,GSM2183984,Illumina HiSeq 2000,PAIRED,cDNA,TRANSCRIPTOMIC,Homo sapiens,ILLUMINA,2018-11-28T00:00:00Z,3,2016-06-01T16:10:00Z,1,GSM2183984,fibroblasts,SRP075977,day 5,hiPSCs,,
SRR3618788,RNA-Seq,GCA_000001405.16,200,5327035224,PRJNA324109,SAMN05195222,2376483527,GEO,public,"bam,run.zq,sra","gs,ncbi,s3","gs.us-east1,ncbi.public,s3.us-east-1",SRX1815010,GSM2183985,Illumina HiSeq 2000,PAIRED,cDNA,TRANSCRIPTOMIC,Homo sapiens,ILLUMINA,2018-11-28T00:00:00Z,3,2016-06-01T16:07:00Z,1,GSM2183985,fibroblasts,SRP075977,day 6,hiPSCs,,
SRR3618789,RNA-Seq,GCA_000001405.16,200,5400346676,PRJNA324109,SAMN05195223,2473482589,GEO,public,"bam,run.zq,sra","gs,ncbi,s3","gs.us-east1,ncbi.public,s3.us-east-1",SRX1815011,GSM2183986,Illumina HiSeq 2000,PAIRED,cDNA,TRANSCRIPTOMIC,Homo sapiens,ILLUMINA,2018-11-28T00:00:00Z,3,2016-06-01T16:07:00Z,1,GSM2183986,fibroblasts,SRP075977,day 7,hiPSCs,,
SRR3618790,RNA-Seq,GCA_000001405.16,200,4487816679,PRJNA324109,SAMN05195224,2019893937,GEO,public,"bam,run.zq,sra","gs,ncbi,s3","gs.us-east1,ncbi.public,s3.us-east-1",SRX1815012,GSM2183987,Illumina HiSeq 2000,PAIRED,cDNA,TRANSCRIPTOMIC,Homo sapiens,ILLUMINA,2018-11-28T00:00:00Z,3,2016-06-01T16:04:00Z,1,GSM2183987,fibroblasts,SRP075977,day 8,hiPSCs,,
SRR3618791,RNA-Seq,GCA_000001405.16,200,4878775638,PRJNA324109,SAMN05195225,2204358228,GEO,public,"bam,run.zq,sra","gs,ncbi,s3","gs.us-east1,ncbi.public,s3.us-east-1",SRX1815013,GSM2183988,Illumina HiSeq 2000,PAIRED,cDNA,TRANSCRIPTOMIC,Homo sapiens,ILLUMINA,2018-11-28T00:00:00Z,3,2016-06-01T16:07:00Z,1,GSM2183988,fibroblasts,SRP075977,day 9,hiPSCs-CMs,,
SRR3618792,RNA-Seq,GCA_000001405.16,200,4586583915,PRJNA324109,SAMN05195226,2074869299,GEO,public,"bam,run.zq,sra","gs,ncbi,s3","gs.us-east1,ncbi.public,s3.us-east-1",SRX1815014,GSM2183989,Illumina HiSeq 2000,PAIRED,cDNA,TRANSCRIPTOMIC,Homo sapiens,ILLUMINA,2018-11-28T00:00:00Z,3,2016-06-01T16:05:00Z,1,GSM2183989,fibroblasts,SRP075977,day 14,hiPSCs-CMs,,
SRR3618793,RNA-Seq,GCA_000001405.16,200,5108391729,PRJNA324109,SAMN05195227,2289266306,GEO,public,"bam,run.zq,sra","gs,ncbi,s3","gs.us-east1,ncbi.public,s3.us-east-1",SRX1815015,GSM2183990,Illumina HiSeq 2000,PAIRED,cDNA,TRANSCRIPTOMIC,Homo sapiens,ILLUMINA,2018-11-28T00:00:00Z,3,2016-06-01T16:06:00Z,1,GSM2183990,fibroblasts,SRP075977,day 30,hiPSCs-CMs,,
SRR3618794,ChIP-Seq,GCA_000001405.13,201,5121337761,PRJNA324109,SAMN05195228,1624469375,GEO,public,"bam,run.zq,sra","gs,ncbi,s3","gs.us-east1,ncbi.public,s3.us-east-1",SRX1815016,GSM2183991,Illumina HiSeq 2000,PAIRED,ChIP,GENOMIC,Homo sapiens,ILLUMINA,2018-11-28T00:00:00Z,1,2016-06-01T16:04:00Z,1,GSM2183991,fibroblasts,SRP075977,day 30,hiPSCs-CMs,,"Proteintech, 10597-1-AP"
SRR3618795,ChIP-Seq,GCA_000001405.13,201,3283714963,PRJNA324109,SAMN05195229,1014814239,GEO,public,"bam,run.zq,sra","gs,ncbi,s3","gs.us-east1,ncbi.public,s3.us-east-1",SRX1815017,GSM2183992,Illumina HiSeq 2000,PAIRED,ChIP,GENOMIC,Homo sapiens,ILLUMINA,2018-11-28T00:00:00Z,1,2016-06-01T16:02:00Z,1,GSM2183992,blood,SRP075977,day 30,hiPSCs-CMs,,"Sigma, SAB1411331"
SRR3618796,ChIP-Seq,GCA_000001405.13,201,7441793486,PRJNA324109,SAMN05195230,2278038994,GEO,public,"bam,run.zq,sra","gs,ncbi,s3","gs.us-east1,ncbi.public,s3.us-east-1",SRX1815018,GSM2183993,Illumina HiSeq 2000,PAIRED,ChIP,GENOMIC,Homo sapiens,ILLUMINA,2018-11-28T00:00:00Z,1,2016-06-01T16:17:00Z,1,GSM2183993,fibroblasts,SRP075977,day 30,hiPSCs-CMs,,"Active Motif, 61213"
SRR3618797,RNA-Seq,GCA_000001405.13,187,481370767,PRJNA324109,SAMN05195231,241338658,GEO,public,"bam,run.zq,sra","gs,ncbi,s3","gs.us-east1,ncbi.public,s3.us-east-1",SRX1815019,GSM2183994,Illumina HiSeq 2000,PAIRED,cDNA,TRANSCRIPTOMIC,Homo sapiens,ILLUMINA,2018-11-28T00:00:00Z,1,2016-06-01T15:58:00Z,1,GSM2183994,fibroblasts,SRP075977,day 30,hiPSCs-CMs,,
SRR3618798,RNA-Seq,GCA_000001405.13,189,431911291,PRJNA324109,SAMN05195232,215708496,GEO,public,"bam,run.zq,sra","gs,ncbi,s3","gs.us-east1,ncbi.public,s3.us-east-1",SRX1815020,GSM2183995,Illumina HiSeq 2000,PAIRED,cDNA,TRANSCRIPTOMIC,Homo sapiens,ILLUMINA,2018-11-28T00:00:00Z,1,2016-06-01T15:58:00Z,1,GSM2183995,fibroblasts,SRP075977,day 30,hiPSCs-CMs,,
SRR3618799,RNA-Seq,GCA_000001405.13,188,379693503,PRJNA324109,SAMN05195233,191753002,GEO,public,"bam,run.zq,sra","gs,ncbi,s3","gs.us-east1,ncbi.public,s3.us-east-1",SRX1815021,GSM2183996,Illumina HiSeq 2000,PAIRED,cDNA,TRANSCRIPTOMIC,Homo sapiens,ILLUMINA,2018-11-28T00:00:00Z,1,2016-06-01T15:58:00Z,1,GSM2183996,fibroblasts,SRP075977,day 30,hiPSCs-CMs,,
SRR3618800,RNA-Seq,GCA_000001405.13,190,522387489,PRJNA324109,SAMN05195234,259122495,GEO,public,"bam,run.zq,sra","gs,ncbi,s3","gs.us-east1,ncbi.public,s3.us-east-1",SRX1815022,GSM2183997,Illumina HiSeq 2000,PAIRED,cDNA,TRANSCRIPTOMIC,Homo sapiens,ILLUMINA,2018-11-28T00:00:00Z,1,2016-06-01T15:58:00Z,1,GSM2183997,fibroblasts,SRP075977,day 30,hiPSCs-CMs,,
SRR3618801,RNA-Seq,GCA_000001405.13,190,603744734,PRJNA324109,SAMN05195235,297841279,GEO,public,"bam,run.zq,sra","gs,ncbi,s3","gs.us-east1,ncbi.public,s3.us-east-1",SRX1815023,GSM2183998,Illumina HiSeq 2000,PAIRED,cDNA,TRANSCRIPTOMIC,Homo sapiens,ILLUMINA,2018-11-28T00:00:00Z,1,2016-06-01T15:59:00Z,1,GSM2183998,fibroblasts,SRP075977,day 30,hiPSCs-CMs,,
SRR3618802,RNA-Seq,GCA_000001405.13,189,478143207,PRJNA324109,SAMN05195236,239620324,GEO,public,"bam,run.zq,sra","gs,ncbi,s3","gs.us-east1,ncbi.public,s3.us-east-1",SRX1815024,GSM2183999,Illumina HiSeq 2000,PAIRED,cDNA,TRANSCRIPTOMIC,Homo sapiens,ILLUMINA,2018-11-28T00:00:00Z,1,2016-11-30T03:19:00Z,2,GSM2183999,fibroblasts,SRP075977,day 30,hiPSCs-CMs,,
SRR3618803,RNA-Seq,GCA_000001405.13,190,589217569,PRJNA324109,SAMN05195237,290906403,GEO,public,"bam,run.zq,sra","gs,ncbi,s3","gs.us-east1,ncbi.public,s3.us-east-1",SRX1815025,GSM2184000,Illumina HiSeq 2000,PAIRED,cDNA,TRANSCRIPTOMIC,Homo sapiens,ILLUMINA,2018-11-28T00:00:00Z,1,2016-06-01T15:59:00Z,1,GSM2184000,fibroblasts,SRP075977,day 30,hiPSCs-CMs,,
SRR3618804,RNA-Seq,GCA_000001405.13,186,529480636,PRJNA324109,SAMN05195238,268449821,GEO,public,"bam,run.zq,sra","gs,ncbi,s3","gs.us-east1,ncbi.public,s3.us-east-1",SRX1815026,GSM2184001,Illumina HiSeq 2000,PAIRED,cDNA,TRANSCRIPTOMIC,Homo sapiens,ILLUMINA,2018-11-28T00:00:00Z,1,2016-06-01T15:59:00Z,1,GSM2184001,fibroblasts,SRP075977,day 30,hiPSCs-CMs,,
SRR3618805,RNA-Seq,GCA_000001405.13,187,497192712,PRJNA324109,SAMN05195155,250417224,GEO,public,"bam,run.zq,sra","gs,ncbi,s3","gs.us-east1,ncbi.public,s3.us-east-1",SRX1815027,GSM2184002,Illumina HiSeq 2000,PAIRED,cDNA,TRANSCRIPTOMIC,Homo sapiens,ILLUMINA,2018-11-28T00:00:00Z,1,2016-06-01T15:58:00Z,1,GSM2184002,fibroblasts,SRP075977,day 30,hiPSCs-CMs,,
SRR3618806,RNA-Seq,GCA_000001405.13,190,537386058,PRJNA324109,SAMN05195156,265469914,GEO,public,"bam,run.zq,sra","gs,ncbi,s3","gs.us-east1,ncbi.public,s3.us-east-1",SRX1815028,GSM2184003,Illumina HiSeq 2000,PAIRED,cDNA,TRANSCRIPTOMIC,Homo sapiens,ILLUMINA,2018-11-28T00:00:00Z,1,2016-06-01T16:00:00Z,1,GSM2184003,fibroblasts,SRP075977,day 30,hiPSCs-CMs,,
SRR3618807,RNA-Seq,GCA_000001405.13,191,600801133,PRJNA324109,SAMN05195157,293939561,GEO,public,"bam,run.zq,sra","gs,ncbi,s3","gs.us-east1,ncbi.public,s3.us-east-1",SRX1815029,GSM2184004,Illumina HiSeq 2000,PAIRED,cDNA,TRANSCRIPTOMIC,Homo sapiens,ILLUMINA,2018-11-28T00:00:00Z,1,2016-06-01T15:59:00Z,1,GSM2184004,fibroblasts,SRP075977,day 30,hiPSCs-CMs,,
SRR3618808,RNA-Seq,GCA_000001405.13,190,636349947,PRJNA324109,SAMN05195158,314242345,GEO,public,"bam,run.zq,sra","gs,ncbi,s3","gs.us-east1,ncbi.public,s3.us-east-1",SRX1815030,GSM2184005,Illumina HiSeq 2000,PAIRED,cDNA,TRANSCRIPTOMIC,Homo sapiens,ILLUMINA,2018-11-28T00:00:00Z,1,2016-06-01T16:00:00Z,1,GSM2184005,fibroblasts,SRP075977,day 30,hiPSCs-CMs,,
SRR3618809,RNA-Seq,GCA_000001405.13,190,687620128,PRJNA324109,SAMN05195159,340653629,GEO,public,"bam,run.zq,sra","gs,ncbi,s3","gs.us-east1,ncbi.public,s3.us-east-1",SRX1815031,GSM2184006,Illumina HiSeq 2000,PAIRED,cDNA,TRANSCRIPTOMIC,Homo sapiens,ILLUMINA,2018-11-28T00:00:00Z,1,2016-06-01T15:59:00Z,1,GSM2184006,fibroblasts,SRP075977,day 30,hiPSCs-CMs,,
SRR3618810,RNA-Seq,GCA_000001405.13,187,493924388,PRJNA324109,SAMN05195165,247672293,GEO,public,"bam,run.zq,sra","gs,ncbi,s3","gs.us-east1,ncbi.public,s3.us-east-1",SRX1815032,GSM2184007,Illumina HiSeq 2000,PAIRED,cDNA,TRANSCRIPTOMIC,Homo sapiens,ILLUMINA,2018-11-28T00:00:00Z,1,2016-06-01T15:59:00Z,1,GSM2184007,fibroblasts,SRP075977,day 30,hiPSCs-CMs,,
SRR3618811,RNA-Seq,GCA_000001405.13,190,549981925,PRJNA324109,SAMN05195160,271306336,GEO,public,"bam,run.zq,sra","gs,ncbi,s3","gs.us-east1,ncbi.public,s3.us-east-1",SRX1815033,GSM2184008,Illumina HiSeq 2000,PAIRED,cDNA,TRANSCRIPTOMIC,Homo sapiens,ILLUMINA,2018-11-28T00:00:00Z,1,2016-06-01T15:59:00Z,1,GSM2184008,fibroblasts,SRP075977,day 30,hiPSCs-CMs,,
SRR3618812,RNA-Seq,GCA_000001405.13,190,428507540,PRJNA324109,SAMN05195161,213138022,GEO,public,"bam,run.zq,sra","gs,ncbi,s3","gs.us-east1,ncbi.public,s3.us-east-1",SRX1815034,GSM2184009,Illumina HiSeq 2000,PAIRED,cDNA,TRANSCRIPTOMIC,Homo sapiens,ILLUMINA,2018-11-28T00:00:00Z,1,2016-06-01T15:58:00Z,1,GSM2184009,fibroblasts,SRP075977,day 30,hiPSCs-CMs,,
SRR3618813,RNA-Seq,GCA_000001405.13,190,647204708,PRJNA324109,SAMN05195162,319113428,GEO,public,"bam,run.zq,sra","gs,ncbi,s3","gs.us-east1,ncbi.public,s3.us-east-1",SRX1815035,GSM2184010,Illumina HiSeq 2000,PAIRED,cDNA,TRANSCRIPTOMIC,Homo sapiens,ILLUMINA,2018-11-28T00:00:00Z,1,2016-06-01T15:59:00Z,1,GSM2184010,fibroblasts,SRP075977,day 30,hiPSCs-CMs,,
SRR3618814,RNA-Seq,GCA_000001405.13,189,559267325,PRJNA324109,SAMN05195163,276037993,GEO,public,"bam,run.zq,sra","gs,ncbi,s3","gs.us-east1,ncbi.public,s3.us-east-1",SRX1815036,GSM2184011,Illumina HiSeq 2000,PAIRED,cDNA,TRANSCRIPTOMIC,Homo sapiens,ILLUMINA,2018-11-28T00:00:00Z,1,2016-06-01T15:59:00Z,1,GSM2184011,fibroblasts,SRP075977,day 30,hiPSCs-CMs,,
SRR3618815,RNA-Seq,GCA_000001405.13,188,507441268,PRJNA324109,SAMN05195164,252069935,GEO,public,"bam,run.zq,sra","gs,ncbi,s3","gs.us-east1,ncbi.public,s3.us-east-1",SRX1815037,GSM2184012,Illumina HiSeq 2000,PAIRED,cDNA,TRANSCRIPTOMIC,Homo sapiens,ILLUMINA,2018-11-28T00:00:00Z,1,2016-06-01T15:59:00Z,1,GSM2184012,fibroblasts,SRP075977,day 30,hiPSCs-CMs,,
SRR3618816,RNA-Seq,GCA_000001405.13,190,460927513,PRJNA324109,SAMN05195166,228416418,GEO,public,"bam,run.zq,sra","gs,ncbi,s3","gs.us-east1,ncbi.public,s3.us-east-1",SRX1815038,GSM2184013,Illumina HiSeq 2000,PAIRED,cDNA,TRANSCRIPTOMIC,Homo sapiens,ILLUMINA,2018-11-28T00:00:00Z,1,2016-06-01T15:59:00Z,1,GSM2184013,fibroblasts,SRP075977,day 30,hiPSCs-CMs,,
SRR3618817,RNA-Seq,GCA_000001405.13,189,571755851,PRJNA324109,SAMN05195167,282055530,GEO,public,"bam,run.zq,sra","gs,ncbi,s3","gs.us-east1,ncbi.public,s3.us-east-1",SRX1815039,GSM2184014,Illumina HiSeq 2000,PAIRED,cDNA,TRANSCRIPTOMIC,Homo sapiens,ILLUMINA,2018-11-28T00:00:00Z,1,2016-06-01T16:00:00Z,1,GSM2184014,fibroblasts,SRP075977,day 30,hiPSCs-CMs,,
SRR3618818,RNA-Seq,GCA_000001405.13,188,243446249,PRJNA324109,SAMN05195168,122167184,GEO,public,"bam,run.zq,sra","gs,ncbi,s3","gs.us-east1,ncbi.public,s3.us-east-1",SRX1815040,GSM2184015,Illumina HiSeq 2000,PAIRED,cDNA,TRANSCRIPTOMIC,Homo sapiens,ILLUMINA,2018-11-28T00:00:00Z,1,2016-06-01T15:59:00Z,1,GSM2184015,fibroblasts,SRP075977,day 30,hiPSCs-CMs,,
SRR3618819,RNA-Seq,GCA_000001405.13,190,601944742,PRJNA324109,SAMN05195169,297500749,GEO,public,"bam,run.zq,sra","gs,ncbi,s3","gs.us-east1,ncbi.public,s3.us-east-1",SRX1815041,GSM2184016,Illumina HiSeq 2000,PAIRED,cDNA,TRANSCRIPTOMIC,Homo sapiens,ILLUMINA,2018-11-28T00:00:00Z,1,2016-06-01T16:00:00Z,1,GSM2184016,fibroblasts,SRP075977,day 30,hiPSCs-CMs,,
SRR3618820,RNA-Seq,GCA_000001405.13,188,496269191,PRJNA324109,SAMN05195170,248105191,GEO,public,"bam,run.zq,sra","gs,ncbi,s3","gs.us-east1,ncbi.public,s3.us-east-1",SRX1815042,GSM2184017,Illumina HiSeq 2000,PAIRED,cDNA,TRANSCRIPTOMIC,Homo sapiens,ILLUMINA,2018-11-28T00:00:00Z,1,2016-06-01T15:59:00Z,1,GSM2184017,fibroblasts,SRP075977,day 30,hiPSCs-CMs,,
SRR3618821,RNA-Seq,GCA_000001405.13,190,625015331,PRJNA324109,SAMN05195171,308429056,GEO,public,"bam,run.zq,sra","gs,ncbi,s3","gs.us-east1,ncbi.public,s3.us-east-1",SRX1815043,GSM2184018,Illumina HiSeq 2000,PAIRED,cDNA,TRANSCRIPTOMIC,Homo sapiens,ILLUMINA,2018-11-28T00:00:00Z,1,2016-06-01T16:00:00Z,1,GSM2184018,fibroblasts,SRP075977,day 30,hiPSCs-CMs,,
SRR3618822,RNA-Seq,GCA_000001405.13,190,692742012,PRJNA324109,SAMN05195172,342937681,GEO,public,"bam,run.zq,sra","gs,ncbi,s3","gs.us-east1,ncbi.public,s3.us-east-1",SRX1815044,GSM2184019,Illumina HiSeq 2000,PAIRED,cDNA,TRANSCRIPTOMIC,Homo sapiens,ILLUMINA,2018-11-28T00:00:00Z,1,2016-06-01T16:00:00Z,1,GSM2184019,fibroblasts,SRP075977,day 30,hiPSCs-CMs,,
SRR3618823,RNA-Seq,GCA_000001405.13,190,483830598,PRJNA324109,SAMN05195173,240118809,GEO,public,"bam,run.zq,sra","gs,ncbi,s3","gs.us-east1,ncbi.public,s3.us-east-1",SRX1815045,GSM2184020,Illumina HiSeq 2000,PAIRED,cDNA,TRANSCRIPTOMIC,Homo sapiens,ILLUMINA,2018-11-28T00:00:00Z,1,2016-06-01T16:00:00Z,1,GSM2184020,fibroblasts,SRP075977,day 30,hiPSCs-CMs,,
SRR3618824,RNA-Seq,GCA_000001405.13,188,607619466,PRJNA324109,SAMN05195174,300712335,GEO,public,"bam,run.zq,sra","gs,ncbi,s3","gs.us-east1,ncbi.public,s3.us-east-1",SRX1815046,GSM2184021,Illumina HiSeq 2000,PAIRED,cDNA,TRANSCRIPTOMIC,Homo sapiens,ILLUMINA,2018-11-28T00:00:00Z,1,2016-06-01T16:00:00Z,1,GSM2184021,fibroblasts,SRP075977,day 30,hiPSCs-CMs,,
SRR3618825,RNA-Seq,GCA_000001405.13,188,407477866,PRJNA324109,SAMN05195175,203680837,GEO,public,"bam,run.zq,sra","gs,ncbi,s3","gs.us-east1,ncbi.public,s3.us-east-1",SRX1815047,GSM2184022,Illumina HiSeq 2000,PAIRED,cDNA,TRANSCRIPTOMIC,Homo sapiens,ILLUMINA,2018-11-28T00:00:00Z,1,2016-11-30T03:17:00Z,2,GSM2184022,fibroblasts,SRP075977,day 30,hiPSCs-CMs,,
SRR3618826,RNA-Seq,GCA_000001405.13,190,654864181,PRJNA324109,SAMN05195176,322121926,GEO,public,"bam,run.zq,sra","gs,ncbi,s3","gs.us-east1,ncbi.public,s3.us-east-1",SRX1815048,GSM2184023,Illumina HiSeq 2000,PAIRED,cDNA,TRANSCRIPTOMIC,Homo sapiens,ILLUMINA,2018-11-28T00:00:00Z,1,2016-06-01T16:02:00Z,1,GSM2184023,fibroblasts,SRP075977,day 30,hiPSCs-CMs,,
SRR3618827,RNA-Seq,GCA_000001405.13,190,704419624,PRJNA324109,SAMN05195177,346349678,GEO,public,"bam,run.zq,sra","gs,ncbi,s3","gs.us-east1,ncbi.public,s3.us-east-1",SRX1815049,GSM2184024,Illumina HiSeq 2000,PAIRED,cDNA,TRANSCRIPTOMIC,Homo sapiens,ILLUMINA,2018-11-28T00:00:00Z,1,2016-06-01T16:00:00Z,1,GSM2184024,fibroblasts,SRP075977,day 30,hiPSCs-CMs,,
SRR3618828,RNA-Seq,GCA_000001405.13,190,565723987,PRJNA324109,SAMN05195179,280111248,GEO,public,"bam,run.zq,sra","gs,ncbi,s3","gs.us-east1,ncbi.public,s3.us-east-1",SRX1815050,GSM2184025,Illumina HiSeq 2000,PAIRED,cDNA,TRANSCRIPTOMIC,Homo sapiens,ILLUMINA,2018-11-28T00:00:00Z,1,2016-06-01T16:00:00Z,1,GSM2184025,fibroblasts,SRP075977,day 30,hiPSCs-CMs,,
SRR3618829,RNA-Seq,GCA_000001405.13,188,689762784,PRJNA324109,SAMN05195180,342291424,GEO,public,"bam,run.zq,sra","gs,ncbi,s3","gs.us-east1,ncbi.public,s3.us-east-1",SRX1815051,GSM2184026,Illumina HiSeq 2000,PAIRED,cDNA,TRANSCRIPTOMIC,Homo sapiens,ILLUMINA,2018-11-28T00:00:00Z,1,2016-06-01T16:00:00Z,1,GSM2184026,fibroblasts,SRP075977,day 30,hiPSCs-CMs,,
SRR3618830,RNA-Seq,GCA_000001405.13,183,387837629,PRJNA324109,SAMN05195181,194495070,GEO,public,"bam,run.zq,sra","gs,ncbi,s3","gs.us-east1,ncbi.public,s3.us-east-1",SRX1815052,GSM2184027,Illumina HiSeq 2000,PAIRED,cDNA,TRANSCRIPTOMIC,Homo sapiens,ILLUMINA,2018-11-28T00:00:00Z,1,2016-06-01T16:00:00Z,1,GSM2184027,fibroblasts,SRP075977,day 30,hiPSCs-CMs,,
SRR3618831,RNA-Seq,GCA_000001405.13,187,550741746,PRJNA324109,SAMN05195182,278356762,GEO,public,"bam,run.zq,sra","gs,ncbi,s3","gs.us-east1,ncbi.public,s3.us-east-1",SRX1815053,GSM2184028,Illumina HiSeq 2000,PAIRED,cDNA,TRANSCRIPTOMIC,Homo sapiens,ILLUMINA,2018-11-28T00:00:00Z,1,2016-06-01T16:00:00Z,1,GSM2184028,fibroblasts,SRP075977,day 30,hiPSCs-CMs,,
SRR3618832,RNA-Seq,GCA_000001405.13,189,451476379,PRJNA324109,SAMN05195183,221522753,GEO,public,"bam,run.zq,sra","gs,ncbi,s3","gs.us-east1,ncbi.public,s3.us-east-1",SRX1815054,GSM2184029,Illumina HiSeq 2000,PAIRED,cDNA,TRANSCRIPTOMIC,Homo sapiens,ILLUMINA,2018-11-28T00:00:00Z,1,2016-06-01T16:00:00Z,1,GSM2184029,fibroblasts,SRP075977,day 30,hiPSCs-CMs,,
SRR3618833,RNA-Seq,GCA_000001405.13,187,529911943,PRJNA324109,SAMN05195184,263524432,GEO,public,"bam,run.zq,sra","gs,ncbi,s3","gs.us-east1,ncbi.public,s3.us-east-1",SRX1815055,GSM2184030,Illumina HiSeq 2000,PAIRED,cDNA,TRANSCRIPTOMIC,Homo sapiens,ILLUMINA,2018-11-28T00:00:00Z,1,2016-06-01T16:00:00Z,1,GSM2184030,fibroblasts,SRP075977,day 30,hiPSCs-CMs,,
SRR3618834,RNA-Seq,GCA_000001405.13,186,319245924,PRJNA324109,SAMN05195178,166435862,GEO,public,"bam,run.zq,sra","gs,ncbi,s3","gs.us-east1,ncbi.public,s3.us-east-1",SRX1815056,GSM2184031,Illumina HiSeq 2000,PAIRED,cDNA,TRANSCRIPTOMIC,Homo sapiens,ILLUMINA,2018-11-28T00:00:00Z,1,2016-06-01T16:00:00Z,1,GSM2184031,fibroblasts,SRP075977,day 30,hiPSCs-CMs,,
SRR3618835,RNA-Seq,GCA_000001405.13,186,425874737,PRJNA324109,SAMN05195144,216148027,GEO,public,"bam,run.zq,sra","gs,ncbi,s3","gs.us-east1,ncbi.public,s3.us-east-1",SRX1815057,GSM2184032,Illumina HiSeq 2000,PAIRED,cDNA,TRANSCRIPTOMIC,Homo sapiens,ILLUMINA,2018-11-28T00:00:00Z,1,2016-06-01T16:00:00Z,1,GSM2184032,fibroblasts,SRP075977,day 30,hiPSCs-CMs,,
SRR3618836,RNA-Seq,GCA_000001405.13,189,606167816,PRJNA324109,SAMN05195146,297994333,GEO,public,"bam,run.zq,sra","gs,ncbi,s3","gs.us-east1,ncbi.public,s3.us-east-1",SRX1815058,GSM2184033,Illumina HiSeq 2000,PAIRED,cDNA,TRANSCRIPTOMIC,Homo sapiens,ILLUMINA,2018-11-28T00:00:00Z,1,2016-06-01T16:00:00Z,1,GSM2184033,fibroblasts,SRP075977,day 30,hiPSCs-CMs,,
SRR3618837,RNA-Seq,hg19,111,145813802,PRJNA324109,SAMN05195147,102648006,GEO,public,"bam,run.zq,sra","gs,ncbi,s3","gs.us-east1,ncbi.public,s3.us-east-1",SRX1815059,GSM2184034,Ion Torrent Proton,SINGLE,cDNA,TRANSCRIPTOMIC,Homo sapiens,ION_TORRENT,2018-11-28T00:00:00Z,1,2016-06-01T20:32:00Z,1,GSM2184034,fibroblasts,SRP075977,day 30,hiPSCs-CMs,,
SRR3618838,RNA-Seq,hg19,111,384293311,PRJNA324109,SAMN05195148,237323448,GEO,public,"bam,run.zq,sra","gs,ncbi,s3","gs.us-east1,ncbi.public,s3.us-east-1",SRX1815060,GSM2184035,Ion Torrent Proton,SINGLE,cDNA,TRANSCRIPTOMIC,Homo sapiens,ION_TORRENT,2018-11-28T00:00:00Z,2,2016-06-01T20:42:00Z,1,GSM2184035,fibroblasts,SRP075977,day 30,hiPSCs-CMs,,
SRR3618839,RNA-Seq,hg19,110,740605498,PRJNA324109,SAMN05195149,436321835,GEO,public,"bam,run.zq,sra","gs,ncbi,s3","gs.us-east1,ncbi.public,s3.us-east-1",SRX1815061,GSM2184036,Ion Torrent Proton,SINGLE,cDNA,TRANSCRIPTOMIC,Homo sapiens,ION_TORRENT,2018-11-28T00:00:00Z,1,2016-06-01T20:31:00Z,1,GSM2184036,fibroblasts,SRP075977,day 30,hiPSCs-CMs (HEY2 CRISPR edited),,
SRR3618840,RNA-Seq,hg19,109,229175697,PRJNA324109,SAMN05195150,148614447,GEO,public,"bam,run.zq,sra","gs,ncbi,s3","gs.us-east1,ncbi.public,s3.us-east-1",SRX1815062,GSM2184037,Ion Torrent Proton,SINGLE,cDNA,TRANSCRIPTOMIC,Homo sapiens,ION_TORRENT,2018-11-28T00:00:00Z,1,2016-06-01T20:09:00Z,1,GSM2184037,fibroblasts,SRP075977,day 30,hiPSCs-CMs (HEY2 CRISPR edited),,
SRR3618841,RNA-Seq,hg19,110,286918738,PRJNA324109,SAMN05195151,181950846,GEO,public,"bam,run.zq,sra","gs,ncbi,s3","gs.us-east1,ncbi.public,s3.us-east-1",SRX1815063,GSM2184038,Ion Torrent Proton,SINGLE,cDNA,TRANSCRIPTOMIC,Homo sapiens,ION_TORRENT,2018-11-28T00:00:00Z,1,2016-06-01T20:33:00Z,1,GSM2184038,fibroblasts,SRP075977,day 30,hiPSCs-CMs (HEY2 CRISPR edited),,
SRR3618842,RNA-Seq,hg19,111,831294176,PRJNA324109,SAMN05195152,487811489,GEO,public,"bam,run.zq,sra","gs,ncbi,s3","gs.us-east1,ncbi.public,s3.us-east-1",SRX1815064,GSM2184039,Ion Torrent Proton,SINGLE,cDNA,TRANSCRIPTOMIC,Homo sapiens,ION_TORRENT,2018-11-28T00:00:00Z,1,2016-06-01T19:54:00Z,1,GSM2184039,fibroblasts,SRP075977,day 30,hiPSCs-CMs (NR2F2 CRISPR edited),,
SRR3618843,RNA-Seq,hg19,111,575766702,PRJNA324109,SAMN05195153,347385153,GEO,public,"bam,run.zq,sra","gs,ncbi,s3","gs.us-east1,ncbi.public,s3.us-east-1",SRX1815065,GSM2184040,Ion Torrent Proton,SINGLE,cDNA,TRANSCRIPTOMIC,Homo sapiens,ION_TORRENT,2018-11-28T00:00:00Z,1,2016-06-01T19:58:00Z,1,GSM2184040,fibroblasts,SRP075977,day 30,hiPSCs-CMs (NR2F2 CRISPR edited),,
SRR3618844,RNA-Seq,hg19,111,267555224,PRJNA324109,SAMN05195154,171971756,GEO,public,"bam,run.zq,sra","gs,ncbi,s3","gs.us-east1,ncbi.public,s3.us-east-1",SRX1815066,GSM2184041,Ion Torrent Proton,SINGLE,cDNA,TRANSCRIPTOMIC,Homo sapiens,ION_TORRENT,2018-11-28T00:00:00Z,1,2016-06-01T19:52:00Z,1,GSM2184041,fibroblasts,SRP075977,day 30,hiPSCs-CMs (NR2F2 CRISPR edited),,
SRR3618845,RNA-Seq,GCA_000001405.13,162,4547768426,PRJNA324109,SAMN05195138,2254554586,GEO,public,"bam,run.zq,sra","gs,ncbi,s3","gs.us-east1,ncbi.public,s3.us-east-1",SRX1815067,GSM2184042,Illumina HiSeq 2000,PAIRED,cDNA,TRANSCRIPTOMIC,Homo sapiens,ILLUMINA,2018-11-28T00:00:00Z,1,2016-06-01T16:09:00Z,1,GSM2184042,Heart Tissue,SRP075977,NA,,Heart Tissue,
SRR3618846,RNA-Seq,GCA_000001405.13,159,4206079120,PRJNA324109,SAMN05195140,2063699707,GEO,public,"bam,run.zq,sra","gs,ncbi,s3","gs.us-east1,ncbi.public,s3.us-east-1",SRX1815068,GSM2184043,Illumina HiSeq 2000,PAIRED,cDNA,TRANSCRIPTOMIC,Homo sapiens,ILLUMINA,2018-11-28T00:00:00Z,2,2016-06-01T16:13:00Z,1,GSM2184043,Heart Tissue,SRP075977,NA,,Heart Tissue,
SRR3618847,RNA-Seq,GCA_000001405.13,164,3405840403,PRJNA324109,SAMN05195141,1657725128,GEO,public,"bam,run.zq,sra","gs,ncbi,s3","gs.us-east1,ncbi.public,s3.us-east-1",SRX1815069,GSM2184044,Illumina HiSeq 2000,PAIRED,cDNA,TRANSCRIPTOMIC,Homo sapiens,ILLUMINA,2018-11-28T00:00:00Z,1,2016-06-01T16:07:00Z,1,GSM2184044,Heart Tissue,SRP075977,NA,,Heart Tissue,
SRR3618848,RNA-Seq,GCA_000001405.13,161,3708973211,PRJNA324109,SAMN05195143,1825431061,GEO,public,"bam,run.zq,sra","gs,ncbi,s3","gs.us-east1,ncbi.public,s3.us-east-1",SRX1815070,GSM2184045,Illumina HiSeq 2000,PAIRED,cDNA,TRANSCRIPTOMIC,Homo sapiens,ILLUMINA,2018-11-28T00:00:00Z,2,2016-06-01T16:19:00Z,1,GSM2184045,Heart Tissue,SRP075977,NA,,Heart Tissue,
SRR5117000,RNA-Seq,GCA_000001405.16,297,10242126452,PRJNA324109,SAMN06160763,2481019601,GEO,public,"bam,run.zq,sra","gs,ncbi,s3","gs.us-east1,ncbi.public,s3.us-east-1",SRX2432193,GSM2430853,Illumina HiSeq 4000,PAIRED,cDNA,TRANSCRIPTOMIC,Homo sapiens,ILLUMINA,2018-11-28T00:00:00Z,1,2016-12-16T16:21:00Z,1,GSM2430853,fibroblasts,SRP075977,day 30,hiPSC-CMs (Overexpression Control),,
SRR5117001,RNA-Seq,GCA_000001405.16,294,7908852724,PRJNA324109,SAMN06160780,2134272461,GEO,public,"bam,run.zq,sra","gs,ncbi,s3","gs.us-east1,ncbi.public,s3.us-east-1",SRX2432194,GSM2430854,Illumina HiSeq 4000,PAIRED,cDNA,TRANSCRIPTOMIC,Homo sapiens,ILLUMINA,2018-11-28T00:00:00Z,1,2016-12-16T16:04:00Z,1,GSM2430854,fibroblasts,SRP075977,day 30,hiPSC-CMs (Gene-edited Control),,
SRR5117002,RNA-Seq,GCA_000001405.16,295,14941261642,PRJNA324109,SAMN06160782,3412722604,GEO,public,"bam,run.zq,sra","gs,ncbi,s3","gs.us-east1,ncbi.public,s3.us-east-1",SRX2432195,GSM2430855,Illumina HiSeq 4000,PAIRED,cDNA,TRANSCRIPTOMIC,Homo sapiens,ILLUMINA,2018-11-28T00:00:00Z,2,2016-12-16T16:21:00Z,1,GSM2430855,fibroblasts,SRP075977,day 30,hiPSC-CMs (Gene-edited Control),,
SRR5117003,RNA-Seq,GCA_000001405.16,297,10689325913,PRJNA324109,SAMN06160781,2777795858,GEO,public,"bam,run.zq,sra","gs,ncbi,s3","gs.us-east1,ncbi.public,s3.us-east-1",SRX2432196,GSM2430856,Illumina HiSeq 4000,PAIRED,cDNA,TRANSCRIPTOMIC,Homo sapiens,ILLUMINA,2018-11-28T00:00:00Z,2,2016-12-16T16:19:00Z,1,GSM2430856,fibroblasts,SRP075977,day 30,hiPSC-CMs (Overexpression Control),,
SRR5117004,RNA-Seq,GCA_000001405.16,297,12552947660,PRJNA324109,SAMN06160758,2777058571,GEO,public,"bam,run.zq,sra","gs,ncbi,s3","gs.us-east1,ncbi.public,s3.us-east-1",SRX2432197,GSM2430857,Illumina HiSeq 4000,PAIRED,cDNA,TRANSCRIPTOMIC,Homo sapiens,ILLUMINA,2018-11-28T00:00:00Z,1,2016-12-16T16:20:00Z,1,GSM2430857,fibroblasts,SRP075977,day 30,hiPSC-CMs (HEY2 Gene-editedl),,
SRR5117005,RNA-Seq,GCA_000001405.16,297,8239784718,PRJNA324109,SAMN06160757,1965600915,GEO,public,"bam,run.zq,sra","gs,ncbi,s3","gs.us-east1,ncbi.public,s3.us-east-1",SRX2432198,GSM2430858,Illumina HiSeq 4000,PAIRED,cDNA,TRANSCRIPTOMIC,Homo sapiens,ILLUMINA,2018-11-28T00:00:00Z,2,2016-12-16T16:06:00Z,1,GSM2430858,fibroblasts,SRP075977,day 30,hiPSC-CMs (HEY2 Gene-editedl),,
SRR5117006,RNA-Seq,GCA_000001405.16,297,13370686674,PRJNA324109,SAMN06160756,3003396316,GEO,public,"bam,run.zq,sra","gs,ncbi,s3","gs.us-east1,ncbi.public,s3.us-east-1",SRX2432199,GSM2430859,Illumina HiSeq 4000,PAIRED,cDNA,TRANSCRIPTOMIC,Homo sapiens,ILLUMINA,2018-11-28T00:00:00Z,3,2016-12-16T16:27:00Z,1,GSM2430859,fibroblasts,SRP075977,day 30,hiPSC-CMs (HEY2 Gene-editedl),,
SRR5117007,RNA-Seq,GCA_000001405.16,297,8348038821,PRJNA324109,SAMN06160783,2046936730,GEO,public,"bam,run.zq,sra","gs,ncbi,s3","gs.us-east1,ncbi.public,s3.us-east-1",SRX2432200,GSM2430860,Illumina HiSeq 4000,PAIRED,cDNA,TRANSCRIPTOMIC,Homo sapiens,ILLUMINA,2018-11-28T00:00:00Z,4,2016-12-16T16:13:00Z,1,GSM2430860,fibroblasts,SRP075977,day 30,hiPSC-CMs (HEY2 Gene-editedl),,
SRR5117008,RNA-Seq,GCA_000001405.16,298,12160807227,PRJNA324109,SAMN06160779,2835328054,GEO,public,"bam,run.zq,sra","gs,ncbi,s3","gs.us-east1,ncbi.public,s3.us-east-1",SRX2432201,GSM2430861,Illumina HiSeq 4000,PAIRED,cDNA,TRANSCRIPTOMIC,Homo sapiens,ILLUMINA,2018-11-28T00:00:00Z,1,2016-12-16T16:24:00Z,1,GSM2430861,fibroblasts,SRP075977,day 30,hiPSC-CMs (HEY2 Overexpression),,
SRR5117009,RNA-Seq,GCA_000001405.16,297,9597863413,PRJNA324109,SAMN06160778,2297124619,GEO,public,"bam,run.zq,sra","gs,ncbi,s3","gs.us-east1,ncbi.public,s3.us-east-1",SRX2432202,GSM2430862,Illumina HiSeq 4000,PAIRED,cDNA,TRANSCRIPTOMIC,Homo sapiens,ILLUMINA,2018-11-28T00:00:00Z,2,2016-12-16T16:15:00Z,1,GSM2430862,fibroblasts,SRP075977,day 30,hiPSC-CMs (HEY2 Overexpression),,
SRR5117010,RNA-Seq,GCA_000001405.16,297,12073469075,PRJNA324109,SAMN06160777,2667226630,GEO,public,"bam,run.zq,sra","gs,ncbi,s3","gs.us-east1,ncbi.public,s3.us-east-1",SRX2432203,GSM2430863,Illumina HiSeq 4000,PAIRED,cDNA,TRANSCRIPTOMIC,Homo sapiens,ILLUMINA,2018-11-28T00:00:00Z,1,2016-12-16T16:26:00Z,1,GSM2430863,blood,SRP075977,day 30,hiPSC-CMs (TBX5 Gene-editedl),,
SRR5117011,RNA-Seq,GCA_000001405.16,297,11251316689,PRJNA324109,SAMN06160776,2514785995,GEO,public,"bam,run.zq,sra","gs,ncbi,s3","gs.us-east1,ncbi.public,s3.us-east-1",SRX2432204,GSM2430864,Illumina HiSeq 4000,PAIRED,cDNA,TRANSCRIPTOMIC,Homo sapiens,ILLUMINA,2018-11-28T00:00:00Z,2,2016-12-16T16:21:00Z,1,GSM2430864,blood,SRP075977,day 30,hiPSC-CMs (TBX5 Gene-editedl),,
SRR5117012,RNA-Seq,GCA_000001405.16,295,15016263859,PRJNA324109,SAMN06160775,3480108286,GEO,public,"bam,run.zq,sra","gs,ncbi,s3","gs.us-east1,ncbi.public,s3.us-east-1",SRX2432205,GSM2430865,Illumina HiSeq 4000,PAIRED,cDNA,TRANSCRIPTOMIC,Homo sapiens,ILLUMINA,2018-11-28T00:00:00Z,3,2016-12-16T16:31:00Z,1,GSM2430865,blood,SRP075977,day 30,hiPSC-CMs (TBX5 Gene-editedl),,
SRR5117013,RNA-Seq,GCA_000001405.16,297,8756992217,PRJNA324109,SAMN06160774,2147140298,GEO,public,"bam,run.zq,sra","gs,ncbi,s3","gs.us-east1,ncbi.public,s3.us-east-1",SRX2432206,GSM2430866,Illumina HiSeq 4000,PAIRED,cDNA,TRANSCRIPTOMIC,Homo sapiens,ILLUMINA,2018-11-28T00:00:00Z,4,2016-12-16T16:16:00Z,1,GSM2430866,blood,SRP075977,day 30,hiPSC-CMs (TBX5 Gene-editedl),,
SRR5117014,RNA-Seq,GCA_000001405.16,297,9730738996,PRJNA324109,SAMN06160773,2222600893,GEO,public,"bam,run.zq,sra","gs,ncbi,s3","gs.us-east1,ncbi.public,s3.us-east-1",SRX2432207,GSM2430867,Illumina HiSeq 4000,PAIRED,cDNA,TRANSCRIPTOMIC,Homo sapiens,ILLUMINA,2018-11-28T00:00:00Z,5,2016-12-16T16:18:00Z,1,GSM2430867,blood,SRP075977,day 30,hiPSC-CMs (TBX5 Gene-editedl),,
SRR5117015,RNA-Seq,GCA_000001405.16,297,10260168974,PRJNA324109,SAMN06160772,2432395807,GEO,public,"bam,run.zq,sra","gs,ncbi,s3","gs.us-east1,ncbi.public,s3.us-east-1",SRX2432208,GSM2430868,Illumina HiSeq 4000,PAIRED,cDNA,TRANSCRIPTOMIC,Homo sapiens,ILLUMINA,2018-11-28T00:00:00Z,1,2016-12-16T16:16:00Z,1,GSM2430868,fibroblasts,SRP075977,day 30,hiPSC-CMs (TBX5 Overexpression),,
SRR5117016,RNA-Seq,GCA_000001405.16,298,12087544470,PRJNA324109,SAMN06160771,2752312733,GEO,public,"bam,run.zq,sra","gs,ncbi,s3","gs.us-east1,ncbi.public,s3.us-east-1",SRX2432209,GSM2430869,Illumina HiSeq 4000,PAIRED,cDNA,TRANSCRIPTOMIC,Homo sapiens,ILLUMINA,2018-11-28T00:00:00Z,2,2016-12-16T16:20:00Z,1,GSM2430869,fibroblasts,SRP075977,day 30,hiPSC-CMs (TBX5 Overexpression),,
SRR5117017,RNA-Seq,GCA_000001405.16,291,6862510927,PRJNA324109,SAMN06160770,2170952713,GEO,public,"bam,run.zq,sra","gs,ncbi,s3","gs.us-east1,ncbi.public,s3.us-east-1",SRX2432210,GSM2430870,Illumina HiSeq 4000,PAIRED,cDNA,TRANSCRIPTOMIC,Homo sapiens,ILLUMINA,2018-11-28T00:00:00Z,1,2016-12-16T16:09:00Z,1,GSM2430870,fibroblasts,SRP075977,day 30,hiPSC-CMs (NR2F2 Gene-editedl),,
SRR5117018,RNA-Seq,GCA_000001405.16,296,9216086785,PRJNA324109,SAMN06160769,2373346380,GEO,public,"bam,run.zq,sra","gs,ncbi,s3","gs.us-east1,ncbi.public,s3.us-east-1",SRX2432211,GSM2430871,Illumina HiSeq 4000,PAIRED,cDNA,TRANSCRIPTOMIC,Homo sapiens,ILLUMINA,2018-11-28T00:00:00Z,2,2016-12-16T16:15:00Z,1,GSM2430871,fibroblasts,SRP075977,day 30,hiPSC-CMs (NR2F2 Gene-editedl),,
SRR5117019,RNA-Seq,GCA_000001405.16,297,10086096667,PRJNA324109,SAMN06160768,2251337668,GEO,public,"bam,run.zq,sra","gs,ncbi,s3","gs.us-east1,ncbi.public,s3.us-east-1",SRX2432212,GSM2430872,Illumina HiSeq 4000,PAIRED,cDNA,TRANSCRIPTOMIC,Homo sapiens,ILLUMINA,2018-11-28T00:00:00Z,3,2016-12-16T16:06:00Z,1,GSM2430872,fibroblasts,SRP075977,day 30,hiPSC-CMs (NR2F2 Gene-editedl),,
SRR5117020,RNA-Seq,GCA_000001405.16,297,11911438862,PRJNA324109,SAMN06160767,2809302862,GEO,public,"bam,run.zq,sra","gs,ncbi,s3","gs.us-east1,ncbi.public,s3.us-east-1",SRX2432213,GSM2430873,Illumina HiSeq 4000,PAIRED,cDNA,TRANSCRIPTOMIC,Homo sapiens,ILLUMINA,2018-11-28T00:00:00Z,4,2016-12-16T16:26:00Z,1,GSM2430873,fibroblasts,SRP075977,day 30,hiPSC-CMs (NR2F2 Gene-editedl),,
SRR5117021,RNA-Seq,GCA_000001405.16,297,9279231544,PRJNA324109,SAMN06160766,2293427466,GEO,public,"bam,run.zq,sra","gs,ncbi,s3","gs.us-east1,ncbi.public,s3.us-east-1",SRX2432214,GSM2430874,Illumina HiSeq 4000,PAIRED,cDNA,TRANSCRIPTOMIC,Homo sapiens,ILLUMINA,2018-11-28T00:00:00Z,5,2016-12-16T16:14:00Z,1,GSM2430874,fibroblasts,SRP075977,day 30,hiPSC-CMs (NR2F2 Gene-editedl),,
SRR5117022,RNA-Seq,GCA_000001405.16,293,6641657124,PRJNA324109,SAMN06160765,1807529324,GEO,public,"bam,run.zq,sra","gs,ncbi,s3","gs.us-east1,ncbi.public,s3.us-east-1",SRX2432215,GSM2430875,Illumina HiSeq 4000,PAIRED,cDNA,TRANSCRIPTOMIC,Homo sapiens,ILLUMINA,2018-11-28T00:00:00Z,6,2016-12-16T16:06:00Z,1,GSM2430875,fibroblasts,SRP075977,day 30,hiPSC-CMs (NR2F2 Gene-editedl),,
SRR5117023,RNA-Seq,GCA_000001405.16,298,9891784600,PRJNA324109,SAMN06160764,2281940640,GEO,public,"bam,run.zq,sra","gs,ncbi,s3","gs.us-east1,ncbi.public,s3.us-east-1",SRX2432216,GSM2430876,Illumina HiSeq 4000,PAIRED,cDNA,TRANSCRIPTOMIC,Homo sapiens,ILLUMINA,2018-11-28T00:00:00Z,1,2016-12-16T16:08:00Z,1,GSM2430876,Fibroblasts,SRP075977,day 30,hiPSC-CMs (NR2F2 Overexpression),,
